{"username":"Alex231","password":"","characters":[{"emblem":{"layer2Color":{"r":0.10894564539194107,"g":0.12714190781116486,"b":0.5518876910209656},"layer1Color":{"r":0.9109790325164795,"g":0.8622956871986389,"b":0.8838210105895996},"layer0Color":{"r":0.613403856754303,"g":0.3623300790786743,"b":0.0618249885737896},"layer0":8,"layer1":87,"layer2":false},"raceString":"X","guild":"","armourPrimaryColor":{"r":0.19528928399085999,"g":0.004906354006379843,"b":0.20048263669013978},"armourSecondaryColor":{"r":0.2913043200969696,"g":0.2947341501712799,"b":0.1229776069521904},"armourTertiaryColor":{"r":0.2643752098083496,"g":0.0693618506193161,"b":0.4455590844154358},"shoulderArmourString":"X","helmetArmourString":"X","chestArmourString":"X","level":0,"exp":0}],"userSettings":{"lobbyDisplay":0,"perspective":1}}